{"avg_class_acc": 0.4285000016540289, "avg_loc_acc": 0.34002897202968596}