{"train_loss": 0.5399651288986206, "train_class_acc": 1.0, "train_loc_acc": 0.99980149269104}