{"train_loss": 0.9587179780006408, "train_class_acc": 0.8450000000000001}