{"train_loss": 20.91991271972656, "train_class_acc": 0.4199999988079071, "train_loc_acc": 0.4603901028633118}