{"train_loss": 0.03327022957381871, "train_class_acc": 0.9899999976158143}