{"avg_class_acc": 0.8492499995231628, "avg_loc_acc": 0.7663964760303498}