{"avg_class_acc": 0.8301249971985817, "avg_loc_acc": 0.48704786986112597}