{"train_loss": 1.1234442472457886, "train_class_acc": 0.7800000071525574, "train_loc_acc": 0.9997341275215149}