{"avg_class_acc": 0.6839999973773956, "avg_loc_acc": 0.7507063880562782}