{"train_loss": 0.09679437205195426, "train_class_acc": 0.949999988079071}