{"train_loss": 6.907639598846435, "train_class_acc": 0.9299999952316285, "train_loc_acc": 0.8901299953460693}