{"train_loss": 0.8247678875923157, "train_class_acc": 0.9199999999999999}