{"avg_class_acc": 0.932624998986721, "avg_loc_acc": 0.856894408762455}