{"train_loss": 0.8487380862236023, "train_class_acc": 0.8949999999999999}